customer_id,bank_assigned_risk_rating,composite_risk_score,flag_structuring,flag_rapid_movement,flag_round_dollar,flag_high_risk_country,flag_watchlist_match,flag_dormant_reactivation
CUST0001,High,125,Y,Y,Y,Y,N,Y
CUST0002,High,125,Y,Y,N,Y,Y,N
CUST0003,High,85,N,Y,N,Y,N,Y
CUST0004,High,135,Y,N,Y,Y,Y,Y
CUST0005,High,65,N,N,Y,Y,N,N
CUST0006,High,85,N,Y,N,Y,N,Y
CUST0007,High,125,Y,Y,Y,Y,N,Y
CUST0008,High,65,N,N,N,Y,N,Y
CUST0009,High,110,N,N,Y,Y,Y,Y
CUST0010,High,120,Y,N,N,Y,Y,Y
CUST0011,High,80,N,N,Y,Y,N,Y
CUST0012,High,80,N,N,N,Y,Y,N
CUST0013,High,110,Y,Y,Y,Y,N,N
CUST0014,High,50,N,N,N,Y,N,N
CUST0015,High,65,N,N,Y,Y,N,N
CUST0016,High,85,N,Y,N,Y,N,Y
CUST0017,High,95,Y,Y,N,Y,N,N
CUST0018,High,80,N,N,N,Y,Y,N
CUST0019,High,80,N,N,Y,Y,N,Y
CUST0020,High,110,N,N,Y,Y,Y,Y
CUST0021,High,120,Y,N,Y,Y,Y,N
CUST0022,High,95,N,N,N,Y,Y,Y
CUST0023,High,85,N,Y,N,Y,N,Y
CUST0024,High,65,N,N,N,Y,N,Y
CUST0025,Low,0,N,N,N,N,N,N
CUST0026,Medium,15,N,N,N,N,N,Y
CUST0027,Low,0,N,N,N,N,N,N
CUST0028,Low,15,N,N,Y,N,N,N
CUST0029,Low,0,N,N,N,N,N,N
CUST0030,Low,30,N,N,Y,N,N,Y
CUST0031,Low,50,N,N,Y,Y,N,Y
CUST0032,Medium,0,N,N,N,N,N,N
CUST0033,Low,0,N,N,N,N,N,N
CUST0034,Low,0,N,N,N,N,N,N
CUST0035,Low,30,N,N,Y,N,N,Y
CUST0036,Medium,0,N,N,N,N,N,N
CUST0037,Medium,35,N,N,N,Y,N,Y
CUST0038,Low,0,N,N,N,N,N,N
CUST0039,Low,0,N,N,N,N,N,N
CUST0040,Low,35,N,N,N,Y,N,Y
CUST0041,Low,0,N,N,N,N,N,N
CUST0042,Low,0,N,N,N,N,N,N
CUST0043,Low,0,N,N,N,N,N,N
CUST0044,Low,0,N,N,N,N,N,N
CUST0045,Low,0,N,N,N,N,N,N
CUST0046,Low,0,N,N,N,N,N,N
CUST0047,Low,0,N,N,N,N,N,N
CUST0048,Low,0,N,N,N,N,N,N
CUST0049,Low,0,N,N,N,N,N,N
CUST0050,Medium,0,N,N,N,N,N,N
CUST0051,Low,0,N,N,N,N,N,N
CUST0052,Low,0,N,N,N,N,N,N
CUST0053,Low,0,N,N,N,N,N,N
CUST0054,Low,0,N,N,N,N,N,N
CUST0055,Low,0,N,N,N,N,N,N
CUST0056,Low,0,N,N,N,N,N,N
CUST0057,Low,0,N,N,N,N,N,N
CUST0058,Medium,0,N,N,N,N,N,N
CUST0059,Medium,0,N,N,N,N,N,N
CUST0060,Medium,15,N,N,Y,N,N,N
CUST0061,Low,0,N,N,N,N,N,N
CUST0062,Low,0,N,N,N,N,N,N
CUST0063,Low,0,N,N,N,N,N,N
CUST0064,Low,0,N,N,N,N,N,N
CUST0065,Low,0,N,N,N,N,N,N
CUST0066,Low,0,N,N,N,N,N,N
CUST0067,Low,0,N,N,N,N,N,N
CUST0068,Medium,0,N,N,N,N,N,N
CUST0069,Low,0,N,N,N,N,N,N
CUST0070,Low,0,N,N,N,N,N,N
CUST0071,Low,0,N,N,N,N,N,N
CUST0072,Low,35,N,N,N,Y,N,Y
CUST0073,Low,15,N,N,Y,N,N,N
CUST0074,Low,0,N,N,N,N,N,N
CUST0075,Medium,0,N,N,N,N,N,N
CUST0076,Medium,0,N,N,N,N,N,N
CUST0077,Medium,50,N,N,Y,Y,N,Y
CUST0078,Medium,0,N,N,N,N,N,N
CUST0079,Low,0,N,N,N,N,N,N
CUST0080,Medium,0,N,N,N,N,N,N
CUST0081,Low,0,N,N,N,N,N,N
CUST0082,Low,15,N,N,Y,N,N,N
CUST0083,Low,0,N,N,N,N,N,N
CUST0084,Low,0,N,N,N,N,N,N
CUST0085,Low,0,N,N,N,N,N,N
CUST0086,Low,0,N,N,N,N,N,N
CUST0087,Medium,0,N,N,N,N,N,N
CUST0088,Low,0,N,N,N,N,N,N
CUST0089,Low,35,N,N,N,Y,N,Y
CUST0090,Low,0,N,N,N,N,N,N
CUST0091,Low,35,N,N,N,Y,N,Y
CUST0092,Medium,0,N,N,N,N,N,N
CUST0093,Low,0,N,N,N,N,N,N
CUST0094,Medium,0,N,N,N,N,N,N
CUST0095,Medium,0,N,N,N,N,N,N
CUST0096,Low,15,N,N,Y,N,N,N
CUST0097,Low,0,N,N,N,N,N,N
CUST0098,Medium,0,N,N,N,N,N,N
CUST0099,Low,0,N,N,N,N,N,N
CUST0100,Low,0,N,N,N,N,N,N
CUST0101,Medium,35,N,N,N,Y,N,Y
CUST0102,Low,0,N,N,N,N,N,N
CUST0103,Low,0,N,N,N,N,N,N
CUST0104,Low,0,N,N,N,N,N,N
CUST0105,Medium,0,N,N,N,N,N,N
CUST0106,Low,0,N,N,N,N,N,N
CUST0107,Low,0,N,N,N,N,N,N
CUST0108,Low,0,N,N,N,N,N,N
CUST0109,Low,0,N,N,N,N,N,N
CUST0110,Low,35,N,N,N,Y,N,Y
CUST0111,Low,0,N,N,N,N,N,N
CUST0112,Low,0,N,N,N,N,N,N
CUST0113,Medium,0,N,N,N,N,N,N
CUST0114,Low,0,N,N,N,N,N,N
CUST0115,Low,0,N,N,N,N,N,N
CUST0116,Low,0,N,N,N,N,N,N
CUST0117,Medium,0,N,N,N,N,N,N
CUST0118,Low,0,N,N,N,N,N,N
CUST0119,Medium,35,N,N,N,Y,N,Y
CUST0120,Low,0,N,N,N,N,N,N
CUST0121,Low,0,N,N,N,N,N,N
CUST0122,Low,0,N,N,N,N,N,N
CUST0123,Low,0,N,N,N,N,N,N
CUST0124,Low,15,N,N,Y,N,N,N
CUST0125,Low,0,N,N,N,N,N,N
CUST0126,Low,0,N,N,N,N,N,N
CUST0127,Low,0,N,N,N,N,N,N
CUST0128,Low,0,N,N,N,N,N,N
CUST0129,Medium,0,N,N,N,N,N,N
CUST0130,Low,15,N,N,Y,N,N,N
CUST0131,Low,0,N,N,N,N,N,N
CUST0132,Medium,35,N,N,N,Y,N,Y
CUST0133,Low,15,N,N,N,N,N,Y
CUST0134,Low,0,N,N,N,N,N,N
CUST0135,Low,0,N,N,N,N,N,N
CUST0136,Low,0,N,N,N,N,N,N
CUST0137,Medium,0,N,N,N,N,N,N
CUST0138,Medium,0,N,N,N,N,N,N
CUST0139,Low,35,N,N,N,Y,N,Y
CUST0140,Medium,0,N,N,N,N,N,N
CUST0141,Medium,15,N,N,N,N,N,Y
CUST0142,Low,0,N,N,N,N,N,N
CUST0143,Medium,0,N,N,N,N,N,N
CUST0144,Low,0,N,N,N,N,N,N
CUST0145,Medium,0,N,N,N,N,N,N
CUST0146,Medium,0,N,N,N,N,N,N
CUST0147,Low,15,N,N,N,N,N,Y
CUST0148,Low,0,N,N,N,N,N,N
CUST0149,Low,0,N,N,N,N,N,N
CUST0150,Low,0,N,N,N,N,N,N
CUST0151,Medium,0,N,N,N,N,N,N
CUST0152,Medium,0,N,N,N,N,N,N
CUST0153,Low,0,N,N,N,N,N,N
CUST0154,Low,0,N,N,N,N,N,N
CUST0155,Low,0,N,N,N,N,N,N
CUST0156,Low,0,N,N,N,N,N,N
CUST0157,Low,0,N,N,N,N,N,N
CUST0158,Low,0,N,N,N,N,N,N
CUST0159,Medium,0,N,N,N,N,N,N
CUST0160,Low,0,N,N,N,N,N,N
CUST0161,Low,0,N,N,N,N,N,N
CUST0162,Low,0,N,N,N,N,N,N
CUST0163,Low,0,N,N,N,N,N,N
CUST0164,Medium,0,N,N,N,N,N,N
CUST0165,Medium,0,N,N,N,N,N,N
CUST0166,Low,0,N,N,N,N,N,N
CUST0167,Low,0,N,N,N,N,N,N
CUST0168,Low,0,N,N,N,N,N,N
CUST0169,Low,0,N,N,N,N,N,N
CUST0170,Low,15,N,N,Y,N,N,N
CUST0171,Low,0,N,N,N,N,N,N
CUST0172,Low,15,N,N,N,N,N,Y
CUST0173,Low,0,N,N,N,N,N,N
CUST0174,Low,0,N,N,N,N,N,N
CUST0175,Medium,0,N,N,N,N,N,N
CUST0176,Low,0,N,N,N,N,N,N
CUST0177,Low,0,N,N,N,N,N,N
CUST0178,Low,35,N,N,N,Y,N,Y
CUST0179,Medium,0,N,N,N,N,N,N
CUST0180,Low,0,N,N,N,N,N,N
CUST0181,Low,0,N,N,N,N,N,N
CUST0182,Medium,0,N,N,N,N,N,N
CUST0183,Low,0,N,N,N,N,N,N
CUST0184,Low,0,N,N,N,N,N,N
CUST0185,Low,0,N,N,N,N,N,N
CUST0186,Low,0,N,N,N,N,N,N
CUST0187,Low,0,N,N,N,N,N,N
CUST0188,Low,0,N,N,N,N,N,N
CUST0189,Low,0,N,N,N,N,N,N
CUST0190,Medium,0,N,N,N,N,N,N
CUST0191,Low,15,N,N,Y,N,N,N
CUST0192,Low,0,N,N,N,N,N,N
CUST0193,Low,0,N,N,N,N,N,N
CUST0194,Low,0,N,N,N,N,N,N
CUST0195,Low,0,N,N,N,N,N,N
CUST0196,Low,0,N,N,N,N,N,N
CUST0197,Low,0,N,N,N,N,N,N
CUST0198,Low,35,N,N,N,Y,N,Y
CUST0199,Low,0,N,N,N,N,N,N
CUST0200,Low,0,N,N,N,N,N,N
